{"cameraMode":{"drawMode":0,"name":"Shaded","section":"Shading Mode"},"sceneLighting":true,"audioPlay":false,"sceneViewState":{"showFog":true,"showMaterialUpdate":false,"showSkybox":true,"showFlares":true,"showImageEffects":true,"showParticleSystems":true},"in2DMode":false,"pivot":{"x":2.6400668621063234,"y":0.8662209510803223,"z":0.5732583999633789},"rotation":{"x":0.18390889465808869,"y":-0.7105934023857117,"z":0.2014985978603363,"w":0.6485645174980164},"size":0.2832041382789612,"orthographic":false}