{"cameraMode":{"drawMode":0,"name":"Shaded","section":"Shading Mode"},"sceneLighting":true,"audioPlay":false,"sceneViewState":{"showFog":true,"showMaterialUpdate":false,"showSkybox":true,"showFlares":true,"showImageEffects":true,"showParticleSystems":true},"in2DMode":false,"pivot":{"x":1.2675092220306397,"y":1.7949594259262086,"z":-0.4489741325378418},"rotation":{"x":-0.01788000389933586,"y":0.21579547226428986,"z":-0.003943488933146,"w":-0.9762793779373169},"size":2.433974504470825,"orthographic":false}